siglaPeriodo,TotalReprovado,TotalDesistente,TotalAlunos,Perc
2021,0,35,798,4.3859649122807012
2022,0,245,1234,19.854132901134523
2023,27,293,1483,19.757248819959543